delivery_id,dispatch_date,outlet_id,brand,district,dock_type,order_volume_m3,seq_in_route,service_min,service_pred,service_abs_error,late,late_prob
ORD0088507,2026-01-14,OUT115,Tech,Badulla,street,11.549,0.0,265.0,149.93129606892833,115.06870393107167,0,0.17708996338420588
ORD0088478,2026-01-14,OUT094,Tech,Kandy,mall_bay,7.059,1.0,258.0,190.2955828921597,67.7044171078403,1,0.7549198909114246
ORD0087704,2026-01-08,OUT016,Style,Colombo,mall_bay,7.829,1.0,25.0,84.2621132568363,59.2621132568363,0,0.31178411447688953
ORD0088690,2026-01-16,OUT021,Tech,Colombo,mall_bay,5.958,1.0,54.0,107.17398336056416,53.173983360564165,0,0.023616853760434812
ORD0091214,2026-02-06,OUT024,Tech,Colombo,rear_dock,2.641,1.0,95.0,49.3893066128171,45.6106933871829,0,0.0002753805722664332
ORD0089681,2026-01-24,OUT038,Tech,Gampaha,street,12.673,0.0,194.0,150.83231367373062,43.167686326269376,0,0.0006915878397632709
ORD0088634,2026-01-15,OUT092,Style,Kandy,street,9.596,0.0,84.0,127.10374268400845,43.10374268400845,0,0.0007664928205556796
ORD0090312,2026-01-29,OUT094,Tech,Kandy,mall_bay,14.19,0.0,187.0,148.37285396382057,38.627146036179425,0,0.009755415243863757
ORD0088792,2026-01-16,OUT115,Tech,Badulla,street,8.287,0.0,49.0,87.07758889125584,38.07758889125584,0,0.08108173510565196
ORD0090367,2026-01-30,OUT023,Tech,Colombo,street,4.284,1.0,110.0,72.63557745171421,37.36442254828579,0,0.0003053582345179556
ORD0091185,2026-02-05,OUT118,Fresh,Kegalle,street,3.697,1.0,78.0,41.06661603907417,36.93338396092583,0,0.0003976639902024135
ORD0091211,2026-02-06,OUT021,Tech,Colombo,mall_bay,4.048,0.0,54.0,88.54069004523856,34.54069004523856,0,0.002667060781320106
ORD0089682,2026-01-24,OUT039,Tech,Gampaha,rear_dock,3.577,0.0,107.0,73.15123957958022,33.84876042041978,0,0.000503062035648754
ORD0087851,2026-01-09,OUT021,Tech,Colombo,mall_bay,6.202,0.0,95.0,128.3633777151441,33.36337771514411,0,0.0030258448581271867
ORD0088503,2026-01-14,OUT112,Fresh,Badulla,rear_dock,2.93,0.0,69.0,36.5893355335761,32.4106644664239,1,0.45115732780329276
ORD0091592,2026-02-09,OUT114,Style,Badulla,rear_dock,11.659,0.0,73.0,40.70039206278544,32.29960793721456,1,0.15889233039053416
ORD0090326,2026-01-29,OUT107,Fresh,Nuwara Eliya,rear_dock,2.421,4.0,57.0,25.017393843552654,31.982606156447346,1,0.7331075130280943
ORD0090597,2026-01-31,OUT103,Tech,Matale,rear_dock,4.031,0.0,70.0,38.06403220558629,31.935967794413713,0,0.0008059653160113566
ORD0087998,2026-01-10,OUT032,Fresh,Gampaha,rear_dock,6.8,1.0,37.0,68.54641297357597,31.54641297357597,0,0.032298192790150435
ORD0088657,2026-01-15,OUT112,Fresh,Badulla,rear_dock,2.974,0.0,71.0,39.7183273546129,31.281672645387097,0,0.8012110139273093
ORD0090935,2026-02-04,OUT035,Style,Gampaha,mall_bay,8.49,0.0,86.0,55.22596400543167,30.77403599456833,0,0.0005898489262839923
ORD0088416,2026-01-14,OUT036,Style,Gampaha,mall_bay,9.309,1.0,93.0,62.25702089987424,30.74297910012576,0,0.020092673822678812
ORD0091227,2026-02-06,OUT032,Fresh,Gampaha,rear_dock,6.008,1.0,64.0,33.63710532028109,30.362894679718913,0,0.00024591707294274647
ORD0088528,2026-01-15,OUT007,Fresh,Colombo,street,4.311,3.0,96.0,65.7307226676518,30.269277332348196,1,0.7792661378431905
ORD0087792,2026-01-08,OUT089,Style,Kandy,mall_bay,7.851,0.0,36.0,66.08014307240909,30.080143072409086,0,0.0017074427404549465
ORD0090731,2026-02-02,OUT102,Style,Matale,street,11.849,0.0,35.0,64.2255544553053,29.2255544553053,0,0.0003761697339147723
ORD0087706,2026-01-08,OUT018,Style,Colombo,mall_bay,10.522,0.0,69.0,98.14244617246486,29.142446172464858,0,0.0008365413757168025
ORD0091026,2026-02-04,OUT115,Tech,Badulla,street,5.865,0.0,99.0,70.02191726000991,28.978082739990086,1,0.12015569898155612
ORD0089471,2026-01-22,OUT094,Tech,Kandy,mall_bay,6.143,0.0,121.0,92.24042447039348,28.759575529606522,0,0.007771415728390594
ORD0087887,2026-01-09,OUT056,Style,Galle,mall_bay,7.302,0.0,55.0,83.35957541331965,28.359575413319646,0,0.00413735218463988
ORD0088573,2026-01-15,OUT045,Fresh,Kalutara,rear_dock,1.766,4.0,69.0,40.92050834154702,28.07949165845298,1,0.8955327936381021
ORD0088626,2026-01-15,OUT085,Fresh,Kandy,rear_dock,2.672,0.0,68.0,40.780833136462064,27.219166863537936,0,0.0003847786602378538
ORD0090386,2026-01-30,OUT039,Tech,Gampaha,rear_dock,1.994,1.0,77.0,49.95166108160476,27.04833891839524,0,0.0002757705429649102
ORD0092093,2026-02-13,OUT056,Style,Galle,mall_bay,7.72,0.0,43.0,69.49446556408293,26.49446556408293,0,0.026220591623869992
ORD0089051,2026-01-19,OUT102,Style,Matale,street,11.359,0.0,38.0,64.45304553900704,26.453045539007036,0,0.0003179708921834634
ORD0091657,2026-02-10,OUT049,Tech,Kalutara,street,5.475,0.0,88.0,61.81988031435578,26.18011968564422,0,0.0002145370790610633
ORD0088633,2026-01-15,OUT091,Style,Kandy,street,12.024,0.0,96.0,69.96215076240145,26.03784923759855,0,0.0011529584085236922
ORD0091367,2026-02-07,OUT038,Tech,Gampaha,street,8.41,0.0,132.0,106.2935203180761,25.706479681923895,0,0.0004237436833193018
ORD0087708,2026-01-08,OUT020,Style,Colombo,street,10.435,0.0,48.0,73.44920167035585,25.449201670355848,0,0.00041238641516301024
ORD0088685,2026-01-16,OUT011,Fresh,Colombo,rear_dock,2.295,5.0,47.0,21.600964466537693,25.399035533462307,1,0.7118591137373433
ORD0088735,2026-01-16,OUT063,Style,Matara,street,10.244,0.0,27.0,52.345560839158345,25.345560839158345,0,0.0014087311513281506
ORD0087419,2026-01-06,OUT022,Tech,Colombo,mall_bay,1.952,0.0,75.0,49.90939711233413,25.090602887665867,0,0.0004538628717737434
ORD0088640,2026-01-15,OUT098,Fresh,Matale,rear_dock,2.592,4.0,64.0,39.07104967837371,24.92895032162629,1,0.29267495692043405
ORD0090936,2026-02-04,OUT036,Style,Gampaha,mall_bay,7.922,1.0,58.0,33.348271495707905,24.651728504292095,1,0.2500706966938847
ORD0088070,2026-01-10,OUT098,Fresh,Matale,rear_dock,2.65,4.0,57.0,32.68049564153426,24.319504358465743,1,0.9061717817560335
ORD0087388,2026-01-05,OUT114,Style,Badulla,rear_dock,16.428,0.0,39.0,62.204868799339465,23.204868799339465,0,0.06803135644290642
ORD0089581,2026-01-23,OUT071,Style,Kurunegala,street,11.495,0.0,31.0,54.17093287810225,23.17093287810225,0,0.0007366139756992409
ORD0088211,2026-01-12,OUT102,Style,Matale,street,10.998,0.0,78.0,100.49897313110927,22.498973131109267,0,0.0006413131703749494
ORD0088974,2026-01-19,OUT032,Fresh,Gampaha,rear_dock,4.746,1.0,49.0,26.69893758500692,22.30106241499308,0,0.00027288488693987206
ORD0087806,2026-01-08,OUT104,Fresh,Nuwara Eliya,rear_dock,1.594,2.0,45.0,22.797846061675127,22.202153938324873,1,0.3676971333831319
ORD0091150,2026-02-05,OUT089,Style,Kandy,mall_bay,7.899,1.0,82.0,59.8755464290978,22.124453570902197,0,0.0006805926275191141
ORD0091925,2026-02-12,OUT032,Fresh,Gampaha,rear_dock,4.247,1.0,52.0,30.2056000115091,21.7943999884909,0,0.0002787924585735057
ORD0088745,2026-01-16,OUT071,Style,Kurunegala,street,7.626,0.0,69.0,47.4421082346006,21.557891765399397,0,0.0007892612933109608
ORD0088415,2026-01-14,OUT035,Style,Gampaha,mall_bay,13.089,0.0,176.0,154.51926353676453,21.480736463235473,0,0.011272187603559034
ORD0088642,2026-01-15,OUT100,Fresh,Matale,rear_dock,4.422,5.0,58.0,36.813023580815816,21.186976419184184,1,0.8942858136308405
ORD0087888,2026-01-09,OUT057,Style,Galle,street,15.098,0.0,37.0,57.93809083259187,20.938090832591868,0,0.0006885953359092305
ORD0088665,2026-01-15,OUT119,Fresh,Kegalle,rear_dock,1.934,3.0,64.0,43.16855332242408,20.83144667757592,1,0.9565789631956034
ORD0090221,2026-01-29,OUT017,Style,Colombo,mall_bay,17.205,0.0,31.0,51.31985955854251,20.31985955854251,0,0.0009288287287230221
ORD0090521,2026-01-31,OUT038,Tech,Gampaha,street,4.083,0.0,104.0,84.07949702334409,19.92050297665591,0,0.0012691531273491257
ORD0089071,2026-01-19,OUT118,Fresh,Kegalle,street,4.253,2.0,61.0,41.18217758192304,19.817822418076958,0,0.001804983465212985
ORD0090527,2026-01-31,OUT042,Fresh,Kalutara,rear_dock,6.211,3.0,13.0,32.80985611804265,19.809856118042653,0,0.05306909026608134
ORD0090543,2026-01-31,OUT058,Tech,Galle,rear_dock,1.365,0.0,46.0,26.508706416042784,19.491293583957216,0,0.000716824834154035
ORD0088098,2026-01-10,OUT118,Fresh,Kegalle,street,3.455,1.0,66.0,46.51459441581331,19.485405584186687,1,0.7908924348453069
ORD0087893,2026-01-09,OUT062,Fresh,Matara,rear_dock,3.914,3.0,43.0,23.607241253410162,19.392758746589838,1,0.7779870296003971
ORD0090096,2026-01-28,OUT036,Style,Gampaha,mall_bay,8.78,1.0,56.0,36.720222351652474,19.279777648347526,0,0.1555400982620672
ORD0088107,2026-01-12,OUT007,Fresh,Colombo,street,4.184,5.0,19.0,38.16405589841843,19.164055898418432,0,0.22446148835785154
ORD0088632,2026-01-15,OUT090,Style,Kandy,mall_bay,9.209,1.0,69.0,88.13762667034203,19.13762667034203,0,0.0071968577893275895
ORD0090309,2026-01-29,OUT090,Style,Kandy,mall_bay,8.653,1.0,27.0,46.11407490007109,19.11407490007109,0,0.07581835516456112
ORD0087869,2026-01-09,OUT040,Fresh,Kalutara,street,3.875,3.0,59.0,40.03228809194169,18.967711908058313,0,0.0056907780929380805
ORD0090405,2026-01-30,OUT056,Style,Galle,mall_bay,6.986,0.0,75.0,56.18034988858204,18.819650111417957,0,0.006656658136295428
ORD0089379,2026-01-22,OUT016,Style,Colombo,mall_bay,3.674,1.0,40.0,58.78310737126283,18.78310737126283,0,0.15168999400174626
ORD0088563,2026-01-15,OUT034,Fresh,Gampaha,rear_dock,3.014,1.0,46.0,27.286372596408594,18.713627403591406,0,0.0014098098783238053
ORD0087850,2026-01-09,OUT014,Fresh,Colombo,street,1.941,5.0,14.0,32.29678696254942,18.29678696254942,1,0.9798426350554085
ORD0088635,2026-01-15,OUT095,Tech,Kandy,rear_dock,5.45,0.0,128.0,109.71666962129171,18.283330378708285,0,0.0012718530184113864
ORD0088581,2026-01-15,OUT052,Fresh,Galle,street,2.021,0.0,62.0,43.80321068415823,18.19678931584177,0,0.0005585173520403738
ORD0087789,2026-01-08,OUT087,Fresh,Kandy,rear_dock,1.288,3.0,36.0,17.843632677839622,18.156367322160378,1,0.9859192894290395
ORD0087578,2026-01-07,OUT035,Style,Gampaha,mall_bay,11.598,1.0,97.0,79.0679372897146,17.932062710285393,0,0.0006555172345438853
ORD0088303,2026-01-13,OUT059,Fresh,Matara,rear_dock,2.018,1.0,15.0,32.783613131631085,17.783613131631085,0,0.267162784020531
ORD0091009,2026-02-04,OUT104,Fresh,Nuwara Eliya,rear_dock,2.273,2.0,36.0,18.29256818367365,17.70743181632635,1,0.20224961359007917
ORD0087881,2026-01-09,OUT052,Fresh,Galle,street,3.674,0.0,62.0,44.3654965229307,17.634503477069302,0,0.000651192027832692
ORD0092305,2026-02-14,OUT118,Fresh,Kegalle,street,4.425,2.0,61.0,43.36758560837613,17.63241439162387,0,0.007718748567246971
ORD0087956,2026-01-09,OUT118,Fresh,Kegalle,street,5.686,2.0,93.0,75.47334095135865,17.52665904864135,0,0.0016375797599771224
ORD0089936,2026-01-27,OUT021,Tech,Colombo,mall_bay,4.62,1.0,50.0,67.46083507378835,17.460835073788346,0,0.016817460526799152
ORD0092180,2026-02-14,OUT007,Fresh,Colombo,street,2.694,6.0,44.0,26.58391774862942,17.41608225137058,1,0.9738303089480287
ORD0089571,2026-01-23,OUT064,Tech,Matara,rear_dock,4.924,0.0,19.0,36.3329410570306,17.332941057030602,0,0.0007548706951681117
ORD0089348,2026-01-21,OUT118,Fresh,Kegalle,street,3.631,2.0,53.0,35.776927570030445,17.223072429969555,1,0.2084147326171519
ORD0090157,2026-01-28,OUT094,Tech,Kandy,mall_bay,4.151,0.0,64.0,81.07149943866166,17.07149943866166,0,0.05701069405189093
ORD0090387,2026-01-30,OUT040,Fresh,Kalutara,street,3.772,2.0,50.0,33.03536704877026,16.96463295122974,0,0.0007077212594481666
ORD0087876,2026-01-09,OUT045,Fresh,Kalutara,rear_dock,1.931,6.0,43.0,26.08632771860759,16.91367228139241,1,0.9422990158097584
ORD0088691,2026-01-16,OUT022,Tech,Colombo,mall_bay,4.357,0.0,79.0,62.31391924405481,16.68608075594519,0,0.0012338195805790448
ORD0088482,2026-01-14,OUT097,Fresh,Matale,street,2.728,2.0,44.0,27.40082211212972,16.59917788787028,0,0.6795619874226441
ORD0089938,2026-01-27,OUT023,Tech,Colombo,street,2.565,2.0,67.0,50.44914108697404,16.550858913025962,0,0.0002322742460373736
ORD0088392,2026-01-14,OUT011,Fresh,Colombo,rear_dock,2.465,5.0,48.0,31.480082796770454,16.519917203229546,1,0.4723741480535347
ORD0088825,2026-01-19,OUT014,Fresh,Colombo,street,2.206,7.0,38.0,21.497828257137925,16.502171742862075,1,0.9601488613311576
ORD0089662,2026-01-24,OUT014,Fresh,Colombo,street,2.141,6.0,48.0,31.546064108947974,16.453935891052026,1,0.9801467953132889
ORD0088231,2026-01-12,OUT118,Fresh,Kegalle,street,4.921,2.0,55.0,71.30921326773655,16.309213267736553,0,0.03627655424202424
ORD0087695,2026-01-08,OUT010,Fresh,Colombo,rear_dock,1.62,1.0,39.0,22.834418922370638,16.165581077629362,0,0.0005788176826966358
ORD0088664,2026-01-15,OUT118,Fresh,Kegalle,street,2.868,1.0,70.0,53.91005979360661,16.089940206393393,1,0.9808247555379616
ORD0088233,2026-01-12,OUT119,Fresh,Kegalle,rear_dock,2.435,3.0,20.0,35.9621045652521,15.962104565252098,1,0.5861747815377825
ORD0087798,2026-01-08,OUT096,Fresh,Matale,rear_dock,0.879,0.0,38.0,22.06860617456849,15.93139382543151,0,0.0018668500498229296
