feature,service_importance_mean,service_importance_std,late_importance_mean,late_importance_std
outlet_id,5.32378546698134,0.06919053154323862,0.09872981854759183,0.0034542990947320495
festival_ramp,1.6426725930558743,0.031954551441280454,0.04080126811966488,0.0006203410942449555
order_units,0.959112838696655,0.049047009909493955,-0.0004544682789054122,6.431600645387392e-05
is_payday,0.27401543037516873,0.0077312483407245836,0.0020371271227838106,0.00019057103341538206
dow,0.2638623304354084,0.03590239737219836,0.012112434386746737,0.0002664153238121497
order_weight_kg,0.16113151704088735,0.002060561179379805,-0.0001508257255668083,4.486599211553366e-06
order_volume_m3,0.13280476520827955,0.015207368878850325,-0.00012013174116455583,0.00014382972979738728
planned_margin_to_close_min,0.06502373088335855,0.010695631091231173,0.19525761244552692,0.0023912990921798882
vehicle_weight_load_ratio,0.03172371232210636,0.004640009781732735,-1.7177688030570182e-05,0.00010554801073557607
planned_arrival_min,0.0276234596307392,0.00546970792267687,0.008699411242583208,0.0010067859205798307
order_volume_per_allowance,0.0249775225665958,0.0031302125532779446,0.0001333521976909502,8.831817664864405e-05
weight_per_unit,0.023806584795781793,0.004803450452554925,0.0001372711314571312,9.245229239511488e-05
vehicle_weight_cap_kg,0.02377745252956731,0.005055450614521062,8.254532945006776e-06,8.32467550301863e-06
planned_after_open_min,0.01641649116701238,0.0025550147595256867,-8.583499714959197e-05,0.00015458830133435741
volume_per_unit,0.014381353072183245,0.0029598479463102123,-0.0004354480677249001,1.1582729254652757e-05
month,0.012987035519303136,0.0060719426471644855,4.733552816618691e-05,5.252751531364952e-05
disruption_index,0.012784043628744302,0.00034681994049923226,0.04273678006678357,0.001780707366371051
vehicle_id,0.007743987059366519,0.004851106297014907,0.005864157706400905,0.001331304168313327
planned_depart_min,0.007554333192152818,0.0011350467310378143,0.0019333605790272101,0.00037646963106183207
speed_index,0.006294863374829873,0.0015470477095407276,0.002014284414268888,0.0007634389534659919
vehicle_volume_load_ratio,0.006009441966799756,0.005977189773862079,8.037663554816277e-05,0.0002482270134637199
route_stop_count,0.003720815772278785,0.0007506123652196717,0.00019115091745713908,6.887529435203876e-05
planned_from_window_mid_min,0.00352744010725492,0.0011223400532964778,0.003518537332290045,0.00027452011112516495
distance_congestion,0.003523437956089781,0.0045765312102206135,0.006101889598003979,0.0018653083234748957
dock_type,0.003253310069886828,0.00037041461772147066,0.0,0.0
day_of_year,0.003161809347149047,0.0019718246720341615,0.00019764703539397466,0.0002621080487121147
distance_km,0.002881338937297251,0.0017941842535900143,-0.00023298540977732818,0.00019093719160219458
route_total_planned_travel_min,0.0016164361958719287,0.00015180984693308197,0.00813980650904167,0.002078650440118429
disruption_factor,0.0015810752758205204,0.0006236910296593123,0.0001938739697526226,0.000416013114434316
route_total_distance_km,0.0014758789681301732,0.00025655860695672494,0.0013530626060542367,0.0007288178099091186
festival,0.0010140579853086251,8.802793952877863e-05,0.00023627457318367573,3.434306127370057e-05
district,0.0006939070460338925,0.0006602899509995375,0.0004684948988263188,7.299796403380243e-05
service_allowance_min,0.0005840998791104557,2.226188106413396e-05,0.0,0.0
planned_travel_duration_min,0.00019355737232129577,2.8995470323645023e-05,-0.0002073169469424263,1.8525148613279807e-05
window_open_min,0.0001510931430663831,0.0003325032594418964,0.0,0.0
temp_requirement,0.0,0.0,0.0,0.0
brand,0.0,0.0,0.0,0.0
depot,0.0,0.0,0.0,0.0
vehicle_volume_cap_m3,0.0,0.0,0.0,0.0
free_flow_kmh,0.0,0.0,0.0,0.0
is_holiday,0.0,0.0,0.0,0.0
is_operating,0.0,0.0,0.0,0.0
is_first_stop,0.0,0.0,6.195805373754304e-06,1.6830537700213144e-05
log_order_weight,0.0,0.0,0.0,0.0
seq_in_route,0.0,0.0,0.014068166127133436,0.0018679963053169768
window_close_min,0.0,0.0,3.8227484164266023e-08,2.3190742340362114e-08
road_class,0.0,0.0,-9.153201097220065e-06,1.024939892456389e-05
vehicle_type,0.0,0.0,0.0,0.0
vehicle_temp,0.0,0.0,0.0,0.0
log_order_units,0.0,0.0,0.0,0.0
log_order_volume,0.0,0.0,0.0,0.0
parking_constraint,0.0,0.0,0.0,0.0
monsoon,0.0,0.0,0.0,0.0
depart_hour,0.0,0.0,0.0,0.0
inter_stop_km,0.0,0.0,0.0,0.0
depot_to_district_freeflow_min,0.0,0.0,0.0,0.0
inter_stop_freeflow_min,0.0,0.0,0.00013697567881522377,4.066108200366514e-05
depot_to_district_km,0.0,0.0,0.0,0.0
is_weekend,0.0,0.0,0.0,0.0
year,0.0,0.0,0.0,0.0
iso_week,0.0,0.0,8.70383747959419e-05,3.988294674253656e-06
weekly_fuel_quota_l,-9.319818223829657e-06,0.000569819812735961,-1.3077525298985093e-05,1.82195048580025e-06
window_width_min,-8.153662078158597e-05,8.153662078158597e-05,0.0,0.0
traffic_delay_factor,-0.00045272275637531223,0.0017495017631321552,0.0005973426586805414,2.6291230119310227e-05
planned_arrival_sin,-0.0007126256680096699,0.00021686216508975953,0.0023603804427848735,0.0012158952426758324
planned_arrival_cos,-0.0008215168748175739,0.001002904685665884,-0.0004211261779012154,0.0004087816156545243
has_mall_window,-0.0011607197729599505,0.0,0.0,0.0
km_per_l,-0.0012294228498184179,0.0005183797703447457,2.581340467544546e-06,3.18091020468092e-08
planned_speed_kmh,-0.0015043272374226646,0.0005958205867404587,0.0004833084847103153,5.253735994056874e-05
density_kg_m3,-0.001618925982892483,0.00011862188881628377,-4.590885587629767e-05,0.0002555086432784459
