vehicle_id,trip_id,vehicle_type,vehicle_temp,brand,district,orders,chilled_orders,volume_m3,volume_cap_m3,weight_kg,weight_cap_kg,trip_minutes
VEH003,1,truck,reefer,Fresh,Gampaha,2,2,21.293,26.4,4046.7000000000003,5510.0,77.0
VEH003,2,truck,reefer,Fresh,Kalutara,3,3,16.032,26.4,2930.2,5510.0,134.0
VEH006,1,truck,reefer,Fresh,Gampaha,4,4,26.764,33.4,4687.7,6840.0,124.0
VEH006,2,truck,reefer,Fresh,Colombo,4,4,30.935,33.4,5658.8,6840.0,108.0
VEH007,1,truck,reefer,Fresh,Puttalam,1,1,8.659,19.4,1588.8,3610.0,188.0
VEH007,2,truck,reefer,Fresh,Colombo,2,2,14.646999999999998,19.4,2558.7,3610.0,64.0
VEH010,1,truck,ambient,Fresh,Kurunegala,1,0,2.095,34.0,382.5,6500.0,142.0
VEH010,2,truck,ambient,Style,Matara,1,0,7.494,34.0,469.2,6500.0,183.0
VEH011,1,truck,ambient,Style,Kurunegala,1,0,9.379,38.0,531.8,7200.0,173.0
VEH011,2,truck,ambient,Fresh,Colombo,10,0,33.756,38.0,6396.799999999999,7200.0,249.0
VEH014,1,truck,ambient,Fresh,Colombo,1,0,1.686,38.0,305.6,7200.0,40.0
VEH014,2,truck,ambient,Fresh,Gampaha,8,0,29.093,38.0,5364.5,7200.0,221.0
VEH019,1,truck,ambient,Fresh,Gampaha,2,0,3.467,38.0,641.4,7200.0,77.0
VEH019,2,truck,ambient,Fresh,Kalutara,5,0,14.914,38.0,2807.7,7200.0,188.0
VEH020,1,truck,ambient,Fresh,Matara,4,0,11.343,34.0,2165.0,6500.0,227.0
VEH020,2,truck,ambient,Tech,Colombo,2,0,7.394,34.0,2462.3,6500.0,130.0
VEH023,1,truck,ambient,Fresh,Kalutara,2,0,2.963,38.0,512.1,7200.0,107.0
VEH023,2,truck,ambient,Fresh,Galle,2,0,8.098,38.0,1326.0,7200.0,143.0
VEH024,1,truck,ambient,Fresh,Puttalam,3,0,6.856999999999999,34.0,1271.3000000000002,6500.0,266.0
VEH024,2,truck,ambient,Tech,Colombo,1,0,5.39,34.0,1695.8,6500.0,79.0
VEH030,1,truck,ambient,Tech,Kurunegala,1,0,3.72,34.0,1006.3,6500.0,170.0
VEH030,2,truck,ambient,Tech,Matara,1,0,1.55,34.0,477.9,6500.0,180.0
VEH031,1,truck,ambient,Fresh,Galle,4,0,7.199,38.0,1406.8,7200.0,193.0
VEH031,2,truck,ambient,Style,Galle,1,0,11.822,38.0,799.0,7200.0,149.0
VEH033,1,truck,ambient,Fresh,Kurunegala,4,0,9.461,38.0,1869.4,7200.0,244.0
VEH033,2,truck,ambient,Style,Galle,1,0,7.858,38.0,516.7,7200.0,162.0
VEH036,1,van,reefer,Fresh,Colombo,2,2,4.17,7.0,766.7,1040.0,64.0
VEH036,2,van,reefer,Fresh,Galle,1,1,3.754,7.0,670.7,1040.0,119.0
VEH038,1,van,ambient,Fresh,Colombo,3,0,2.036,9.0,389.29999999999995,1200.0,88.0
