experiment_id,timestamp,task,target,feature_set,model,hyperparameters,validation_scheme,fold_scores,mean_score,std_score,chronological_holdout_score,training_score,generalization_gap,runtime,seed,notes,leakage_risk,improved_best,artifact_path
T1S-global_median-F1,2026-10-06T04:12:28.747253+00:00,Task1,service_min,planned_reference_v1,global_median,see train_task1.py,chronological_2025-10-13_2025-11-22,"{""mae"": 9.745939442550632, ""rmse"": 17.721827338821193, ""median_ae"": 5.0, ""bias"": -6.4962903549228}",9.745939442550632,,9.745939442550632,8.226409457001818,1.5195299855488145,0.004493899999943,20261006,"{""train_start"": ""2024-01-01"", ""train_end"": ""2025-10-11"", ""valid_start"": ""2025-10-13"", ""valid_end"": ""2025-11-22"", ""train_rows"": 76980, ""valid_rows"": 4987}",low: planned/reference features only,False,
T1S-brand_dock_median-F1,2026-10-06T04:12:28.785680+00:00,Task1,service_min,planned_reference_v1,brand_dock_median,see train_task1.py,chronological_2025-10-13_2025-11-22,"{""mae"": 8.65670743934229, ""rmse"": 14.465470943214513, ""median_ae"": 5.0, ""bias"": -5.245438139161821}",8.65670743934229,,8.65670743934229,7.265588464536243,1.3911189748060462,0.0384067000049981,20261006,"{""train_start"": ""2024-01-01"", ""train_end"": ""2025-10-11"", ""valid_start"": ""2025-10-13"", ""valid_end"": ""2025-11-22"", ""train_rows"": 76980, ""valid_rows"": 4987}",low: planned/reference features only,False,
T1S-ridge-F1,2026-10-06T04:12:31.199883+00:00,Task1,service_min,planned_reference_v1,ridge,see train_task1.py,chronological_2025-10-13_2025-11-22,"{""mae"": 5.104788758953951, ""rmse"": 7.9466015000125525, ""median_ae"": 3.430644699278133, ""bias"": 0.31920807127277473}",5.104788758953951,,5.104788758953951,4.364949644439482,0.7398391145144689,2.414206600005855,20261006,"{""train_start"": ""2024-01-01"", ""train_end"": ""2025-10-11"", ""valid_start"": ""2025-10-13"", ""valid_end"": ""2025-11-22"", ""train_rows"": 76980, ""valid_rows"": 4987}",low: planned/reference features only,False,
T1S-hgb_absolute-F1,2026-10-06T04:12:36.721584+00:00,Task1,service_min,planned_reference_v1,hgb_absolute,see train_task1.py,chronological_2025-10-13_2025-11-22,"{""mae"": 4.585645940610549, ""rmse"": 7.401136680258447, ""median_ae"": 2.9821024975363457, ""bias"": -1.1705651420767291}",4.585645940610549,,4.585645940610549,3.661863337660588,0.9237826029499612,5.52170119999937,20261006,"{""train_start"": ""2024-01-01"", ""train_end"": ""2025-10-11"", ""valid_start"": ""2025-10-13"", ""valid_end"": ""2025-11-22"", ""train_rows"": 76980, ""valid_rows"": 4987}",low: planned/reference features only,False,
T1S-hgb_squared-F1,2026-10-06T04:12:39.681930+00:00,Task1,service_min,planned_reference_v1,hgb_squared,see train_task1.py,chronological_2025-10-13_2025-11-22,"{""mae"": 4.479507645332484, ""rmse"": 6.885979323866328, ""median_ae"": 3.0576516768871738, ""bias"": -0.26898388600802436}",4.479507645332484,,4.479507645332484,3.6425574911928873,0.836950154139597,2.96032969999942,20261006,"{""train_start"": ""2024-01-01"", ""train_end"": ""2025-10-11"", ""valid_start"": ""2025-10-13"", ""valid_end"": ""2025-11-22"", ""train_rows"": 76980, ""valid_rows"": 4987}",low: planned/reference features only,False,
T1L-global_rate-F1,2026-10-06T04:12:39.737132+00:00,Task1,late,planned_reference_v1,global_rate,see train_task1.py,chronological_2025-10-13_2025-11-22,"{""log_loss"": 0.6104802510609135, ""brier"": 0.2074384350466074, ""roc_auc"": 0.5, ""pr_auc"": 0.27812312011229195, ""calibration_error"": 0.08165650540714856, ""mean_probability"": 0.1964666147051182, ""positive_rate"": 0.27812312011229195}",0.6104802510609135,,0.6104802510609135,0.4954649224065329,0.1150153286543805,0.0551899999991292,20261006,"{""train_start"": ""2024-01-01"", ""train_end"": ""2025-10-11"", ""valid_start"": ""2025-10-13"", ""valid_end"": ""2025-11-22"", ""train_rows"": 76980, ""valid_rows"": 4987}",low: planned/reference features only,False,
T1L-logistic-F1,2026-10-06T04:12:42.569626+00:00,Task1,late,planned_reference_v1,logistic,see train_task1.py,chronological_2025-10-13_2025-11-22,"{""log_loss"": 0.21031502735921354, ""brier"": 0.06434292456847597, ""roc_auc"": 0.9658325322438517, ""pr_auc"": 0.921579456631065, ""calibration_error"": 0.006921526722499868, ""mean_probability"": 0.27490528802188596, ""positive_rate"": 0.27812312011229195}",0.2103150273592135,,0.2103150273592135,0.1821673324128567,0.0281476949463567,2.832473700000264,20261006,"{""train_start"": ""2024-01-01"", ""train_end"": ""2025-10-11"", ""valid_start"": ""2025-10-13"", ""valid_end"": ""2025-11-22"", ""train_rows"": 76980, ""valid_rows"": 4987}",low: planned/reference features only,False,
T1L-hgb-F1,2026-10-06T04:12:48.035308+00:00,Task1,late,planned_reference_v1,hgb,see train_task1.py,chronological_2025-10-13_2025-11-22,"{""log_loss"": 0.177143506881027, ""brier"": 0.0550765577724286, ""roc_auc"": 0.976015581190419, ""pr_auc"": 0.9450927578353722, ""calibration_error"": 0.010446498566849568, ""mean_probability"": 0.2695885404352782, ""positive_rate"": 0.27812312011229195}",0.177143506881027,,0.177143506881027,0.1153347846541571,0.0618087222268698,5.4656727999972645,20261006,"{""train_start"": ""2024-01-01"", ""train_end"": ""2025-10-11"", ""valid_start"": ""2025-10-13"", ""valid_end"": ""2025-11-22"", ""train_rows"": 76980, ""valid_rows"": 4987}",low: planned/reference features only,False,
T1S-global_median-F2,2026-10-06T04:12:48.059691+00:00,Task1,service_min,planned_reference_v1,global_median,see train_task1.py,chronological_2025-11-24_2026-01-03,"{""mae"": 9.084423548650859, ""rmse"": 17.382257803434317, ""median_ae"": 5.0, ""bias"": -5.292518397383483}",9.08442354865086,,9.08442354865086,8.318860029036076,0.7655635196147834,0.004410799992911,20261006,"{""train_start"": ""2024-01-01"", ""train_end"": ""2025-11-22"", ""valid_start"": ""2025-11-24"", ""valid_end"": ""2026-01-03"", ""train_rows"": 81967, ""valid_rows"": 4892}",low: planned/reference features only,False,
T1S-brand_dock_median-F2,2026-10-06T04:12:48.097991+00:00,Task1,service_min,planned_reference_v1,brand_dock_median,see train_task1.py,chronological_2025-11-24_2026-01-03,"{""mae"": 7.967906786590351, ""rmse"": 13.91902907535774, ""median_ae"": 5.0, ""bias"": -3.883687653311529}",7.967906786590351,,7.967906786590351,7.350128710334647,0.6177780762557044,0.0383005999974557,20261006,"{""train_start"": ""2024-01-01"", ""train_end"": ""2025-11-22"", ""valid_start"": ""2025-11-24"", ""valid_end"": ""2026-01-03"", ""train_rows"": 81967, ""valid_rows"": 4892}",low: planned/reference features only,False,
T1S-ridge-F2,2026-10-06T04:12:50.857180+00:00,Task1,service_min,planned_reference_v1,ridge,see train_task1.py,chronological_2025-11-24_2026-01-03,"{""mae"": 4.5789220401577, ""rmse"": 7.645126758859929, ""median_ae"": 3.1989057518664445, ""bias"": -0.5443375527458509}",4.5789220401577,,4.5789220401577,4.414916127218698,0.1640059129390021,2.759176499996101,20261006,"{""train_start"": ""2024-01-01"", ""train_end"": ""2025-11-22"", ""valid_start"": ""2025-11-24"", ""valid_end"": ""2026-01-03"", ""train_rows"": 81967, ""valid_rows"": 4892}",low: planned/reference features only,False,
T1S-hgb_absolute-F2,2026-10-06T04:12:57.748960+00:00,Task1,service_min,planned_reference_v1,hgb_absolute,see train_task1.py,chronological_2025-11-24_2026-01-03,"{""mae"": 4.333060604175779, ""rmse"": 8.210394598032625, ""median_ae"": 2.793197714963237, ""bias"": -1.4226644761249123}",4.333060604175779,,4.333060604175779,3.598778941291021,0.7342816628847584,6.891786799998954,20261006,"{""train_start"": ""2024-01-01"", ""train_end"": ""2025-11-22"", ""valid_start"": ""2025-11-24"", ""valid_end"": ""2026-01-03"", ""train_rows"": 81967, ""valid_rows"": 4892}",low: planned/reference features only,False,
T1S-hgb_squared-F2,2026-10-06T04:13:01.143106+00:00,Task1,service_min,planned_reference_v1,hgb_squared,see train_task1.py,chronological_2025-11-24_2026-01-03,"{""mae"": 4.307847726468221, ""rmse"": 7.8048695327245685, ""median_ae"": 2.796152078984548, ""bias"": -0.737086837202841}",4.307847726468221,,4.307847726468221,3.664924600512205,0.6429231259560169,3.3941398999959347,20261006,"{""train_start"": ""2024-01-01"", ""train_end"": ""2025-11-22"", ""valid_start"": ""2025-11-24"", ""valid_end"": ""2026-01-03"", ""train_rows"": 81967, ""valid_rows"": 4892}",low: planned/reference features only,False,
T1L-global_rate-F2,2026-10-06T04:13:01.206934+00:00,Task1,late,planned_reference_v1,global_rate,see train_task1.py,chronological_2025-11-24_2026-01-03,"{""log_loss"": 0.45581103034208326, ""brier"": 0.14066733244644086, ""roc_auc"": 0.5, ""pr_auc"": 0.16762060506950122, ""calibration_error"": 0.03381411866076686, ""mean_probability"": 0.20143472373028176, ""positive_rate"": 0.16762060506950122}",0.4558110303420832,,0.4558110303420832,0.5023849518462904,-0.0465739215042071,0.0638203999988036,20261006,"{""train_start"": ""2024-01-01"", ""train_end"": ""2025-11-22"", ""valid_start"": ""2025-11-24"", ""valid_end"": ""2026-01-03"", ""train_rows"": 81967, ""valid_rows"": 4892}",low: planned/reference features only,False,
T1L-logistic-F2,2026-10-06T04:13:04.290512+00:00,Task1,late,planned_reference_v1,logistic,see train_task1.py,chronological_2025-11-24_2026-01-03,"{""log_loss"": 0.17668218063981542, ""brier"": 0.05368614955733171, ""roc_auc"": 0.9637596434903445, ""pr_auc"": 0.8581426220635008, ""calibration_error"": 0.007559876330515182, ""mean_probability"": 0.16197459339167455, ""positive_rate"": 0.16762060506950122}",0.1766821806398154,,0.1766821806398154,0.1837489224189992,-0.0070667417791838,3.083552399999462,20261006,"{""train_start"": ""2024-01-01"", ""train_end"": ""2025-11-22"", ""valid_start"": ""2025-11-24"", ""valid_end"": ""2026-01-03"", ""train_rows"": 81967, ""valid_rows"": 4892}",low: planned/reference features only,False,
T1L-hgb-F2,2026-10-06T04:13:11.185863+00:00,Task1,late,planned_reference_v1,hgb,see train_task1.py,chronological_2025-11-24_2026-01-03,"{""log_loss"": 0.15315509276730657, ""brier"": 0.04766109212003192, ""roc_auc"": 0.9735465882409315, ""pr_auc"": 0.8884753239700768, ""calibration_error"": 0.004349203605880878, ""mean_probability"": 0.16769159862093744, ""positive_rate"": 0.16762060506950122}",0.1531550927673065,,0.1531550927673065,0.1123405313449856,0.0408145614223208,6.895342700001493,20261006,"{""train_start"": ""2024-01-01"", ""train_end"": ""2025-11-22"", ""valid_start"": ""2025-11-24"", ""valid_end"": ""2026-01-03"", ""train_rows"": 81967, ""valid_rows"": 4892}",low: planned/reference features only,False,
T1S-global_median-F3,2026-10-06T04:13:11.209324+00:00,Task1,service_min,planned_reference_v1,global_median,see train_task1.py,chronological_2026-01-05_2026-02-14,"{""mae"": 7.944587884806356, ""rmse"": 15.041306911461072, ""median_ae"": 5.0, ""bias"": -3.4007944389275075}",7.944587884806356,,7.944587884806356,8.361977457718831,-0.4173895729124757,0.0039669999969191,20261006,"{""train_start"": ""2024-01-01"", ""train_end"": ""2026-01-03"", ""valid_start"": ""2026-01-05"", ""valid_end"": ""2026-02-14"", ""train_rows"": 86859, ""valid_rows"": 5035}",low: planned/reference features only,False,
T1S-brand_dock_median-F3,2026-10-06T04:13:11.252123+00:00,Task1,service_min,planned_reference_v1,brand_dock_median,see train_task1.py,chronological_2026-01-05_2026-02-14,"{""mae"": 6.942800397219464, ""rmse"": 11.52584419507465, ""median_ae"": 5.0, ""bias"": -2.0005958291956305}",6.942800397219464,,6.942800397219464,7.384830587503885,-0.4420301902844219,0.0427932999955373,20261006,"{""train_start"": ""2024-01-01"", ""train_end"": ""2026-01-03"", ""valid_start"": ""2026-01-05"", ""valid_end"": ""2026-02-14"", ""train_rows"": 86859, ""valid_rows"": 5035}",low: planned/reference features only,False,
T1S-ridge-F3,2026-10-06T04:13:14.656927+00:00,Task1,service_min,planned_reference_v1,ridge,see train_task1.py,chronological_2026-01-05_2026-02-14,"{""mae"": 4.37034237998087, ""rmse"": 7.008523231788456, ""median_ae"": 3.0223530398275056, ""bias"": 0.5142309916477752}",4.37034237998087,,4.37034237998087,4.428583094553044,-0.0582407145721743,3.404792699999234,20261006,"{""train_start"": ""2024-01-01"", ""train_end"": ""2026-01-03"", ""valid_start"": ""2026-01-05"", ""valid_end"": ""2026-02-14"", ""train_rows"": 86859, ""valid_rows"": 5035}",low: planned/reference features only,False,
T1S-hgb_absolute-F3,2026-10-06T04:13:20.638446+00:00,Task1,service_min,planned_reference_v1,hgb_absolute,see train_task1.py,chronological_2026-01-05_2026-02-14,"{""mae"": 3.871402448763083, ""rmse"": 6.597857131426643, ""median_ae"": 2.6027612416202803, ""bias"": -0.1991876928483077}",3.871402448763083,,3.871402448763083,3.685901202028509,0.1855012467345735,5.981529700002284,20261006,"{""train_start"": ""2024-01-01"", ""train_end"": ""2026-01-03"", ""valid_start"": ""2026-01-05"", ""valid_end"": ""2026-02-14"", ""train_rows"": 86859, ""valid_rows"": 5035}",low: planned/reference features only,False,
T1S-hgb_squared-F3,2026-10-06T04:13:23.703796+00:00,Task1,service_min,planned_reference_v1,hgb_squared,see train_task1.py,chronological_2026-01-05_2026-02-14,"{""mae"": 3.8130268122274904, ""rmse"": 5.981068804180127, ""median_ae"": 2.680364133744046, ""bias"": 0.094518887435951}",3.8130268122274895,,3.8130268122274895,3.7589151739171824,0.0541116383103079,3.0653376999980537,20261006,"{""train_start"": ""2024-01-01"", ""train_end"": ""2026-01-03"", ""valid_start"": ""2026-01-05"", ""valid_end"": ""2026-02-14"", ""train_rows"": 86859, ""valid_rows"": 5035}",low: planned/reference features only,False,
T1L-global_rate-F3,2026-10-06T04:13:23.774125+00:00,Task1,late,planned_reference_v1,global_rate,see train_task1.py,chronological_2026-01-05_2026-02-14,"{""log_loss"": 0.40466055933079187, ""brier"": 0.11858492960091543, ""roc_auc"": 0.5, ""pr_auc"": 0.13108242303872888, ""calibration_error"": 0.06844785016266125, ""mean_probability"": 0.19953027320139533, ""positive_rate"": 0.13108242303872888}",0.4046605593307918,,0.4046605593307918,0.4997505540104437,-0.0950899946796518,0.0703251000013551,20261006,"{""train_start"": ""2024-01-01"", ""train_end"": ""2026-01-03"", ""valid_start"": ""2026-01-05"", ""valid_end"": ""2026-02-14"", ""train_rows"": 86859, ""valid_rows"": 5035}",low: planned/reference features only,False,
T1L-logistic-F3,2026-10-06T04:13:27.116430+00:00,Task1,late,planned_reference_v1,logistic,see train_task1.py,chronological_2026-01-05_2026-02-14,"{""log_loss"": 0.15759358304009582, ""brier"": 0.04765059313482273, ""roc_auc"": 0.9642922943722944, ""pr_auc"": 0.817947756225611, ""calibration_error"": 0.005033248259715469, ""mean_probability"": 0.13542388401890537, ""positive_rate"": 0.13108242303872888}",0.1575935830400958,,0.1575935830400958,0.1832612164168608,-0.0256676333767649,3.342276800001855,20261006,"{""train_start"": ""2024-01-01"", ""train_end"": ""2026-01-03"", ""valid_start"": ""2026-01-05"", ""valid_end"": ""2026-02-14"", ""train_rows"": 86859, ""valid_rows"": 5035}",low: planned/reference features only,False,
T1L-hgb-F3,2026-10-06T04:13:33.101790+00:00,Task1,late,planned_reference_v1,hgb,see train_task1.py,chronological_2026-01-05_2026-02-14,"{""log_loss"": 0.13924709669131866, ""brier"": 0.0432151461019727, ""roc_auc"": 0.9726656277056276, ""pr_auc"": 0.8544478481146266, ""calibration_error"": 0.0073409067875040476, ""mean_probability"": 0.12789617889937396, ""positive_rate"": 0.13108242303872888}",0.1392470966913186,,0.1392470966913186,0.1210065339310256,0.0182405627602929,5.98537529999885,20261006,"{""train_start"": ""2024-01-01"", ""train_end"": ""2026-01-03"", ""valid_start"": ""2026-01-05"", ""valid_end"": ""2026-02-14"", ""train_rows"": 86859, ""valid_rows"": 5035}",low: planned/reference features only,False,
T2A-total_volume_m3-historical_mean-F1,2026-10-06T04:15:48.466860+00:00,Task2A,total_volume_m3,weekly_calendar_lags_v1,historical_mean,see train_task2a.py,rolling_origin_10w_2025-09-01_2025-11-03,"{""mae"": 19.79997816091954, ""rmse"": 37.25032960176381, ""wape"": 0.06653140222114168, ""smape"": 0.14092943133980007, ""bias"": -13.13249425287356, ""by_brand_wape"": {""Fresh"": 0.056467914855600355, ""Style"": 0.08754837116411113, ""Tech"": 0.276392180470559}, ""by_depot_wape"": {""Kandy"": 0.07131115562803876, ""Peliyagoda"": 0.06396706911512778}}",0.06653140222114168,,0.06653140222114168,,,0.47874120000051335,20261006,recursive 10-week forecast,low: lags shifted; future calendar only,False,
T2A-total_volume_m3-historical_mean-F2,2026-10-06T04:15:48.970077+00:00,Task2A,total_volume_m3,weekly_calendar_lags_v1,historical_mean,see train_task2a.py,rolling_origin_10w_2025-11-10_2026-01-12,"{""mae"": 24.813810652920967, ""rmse"": 42.21488795918435, ""wape"": 0.08201838917259416, ""smape"": 0.1701061494465545, ""bias"": -16.714728865979392, ""by_brand_wape"": {""Fresh"": 0.07344180850221177, ""Style"": 0.07175810897286941, ""Tech"": 0.3247523906923474}, ""by_depot_wape"": {""Kandy"": 0.09464026173085237, ""Peliyagoda"": 0.07521862616532793}}",0.08201838917259416,,0.08201838917259416,,,0.5032056999989436,20261006,recursive 10-week forecast,low: lags shifted; future calendar only,False,
T2A-total_volume_m3-historical_mean-F3,2026-10-06T04:15:49.470223+00:00,Task2A,total_volume_m3,weekly_calendar_lags_v1,historical_mean,see train_task2a.py,rolling_origin_10w_2026-01-19_2026-03-23,"{""mae"": 15.568769937694713, ""rmse"": 27.755066637957295, ""wape"": 0.052288800746054936, ""smape"": 0.1252134038707942, ""bias"": -10.358788006230538, ""by_brand_wape"": {""Fresh"": 0.03927706275281359, ""Style"": 0.09213074113360216, ""Tech"": 0.24326510405003732}, ""by_depot_wape"": {""Kandy"": 0.05622894166341446, ""Peliyagoda"": 0.05018632232765155}}",0.052288800746054936,,0.052288800746054936,,,0.5001424000001862,20261006,recursive 10-week forecast,low: lags shifted; future calendar only,False,
T2A-total_volume_m3-rolling4-F1,2026-10-06T04:15:49.931218+00:00,Task2A,total_volume_m3,weekly_calendar_lags_v1,rolling4,see train_task2a.py,rolling_origin_10w_2025-09-01_2025-11-03,"{""mae"": 17.485715484952923, ""rmse"": 30.313156134513495, ""wape"": 0.058755073394475936, ""smape"": 0.15793304493037236, ""bias"": 2.164787770032902, ""by_brand_wape"": {""Fresh"": 0.042085462405024095, ""Style"": 0.11350148976861517, ""Tech"": 0.31573862324543256}, ""by_depot_wape"": {""Kandy"": 0.0716051921155229, ""Peliyagoda"": 0.05186099705885562}}",0.058755073394475936,,0.058755073394475936,,,0.4609469999995781,20261006,recursive 10-week forecast,low: lags shifted; future calendar only,False,
T2A-total_volume_m3-rolling4-F2,2026-10-06T04:15:50.429890+00:00,Task2A,total_volume_m3,weekly_calendar_lags_v1,rolling4,see train_task2a.py,rolling_origin_10w_2025-11-10_2026-01-12,"{""mae"": 24.324881073586145, ""rmse"": 36.66676168141337, ""wape"": 0.08040230460272356, ""smape"": 0.18910533186879955, ""bias"": -2.4051603128274377, ""by_brand_wape"": {""Fresh"": 0.06580612861612652, ""Style"": 0.10197742909790634, ""Tech"": 0.3558240264647302}, ""by_depot_wape"": {""Kandy"": 0.09084322422271374, ""Peliyagoda"": 0.07477748319320945}}",0.08040230460272356,,0.08040230460272356,,,0.4986795000004349,20261006,recursive 10-week forecast,low: lags shifted; future calendar only,False,
T2A-total_volume_m3-rolling4-F3,2026-10-06T04:15:50.924012+00:00,Task2A,total_volume_m3,weekly_calendar_lags_v1,rolling4,see train_task2a.py,rolling_origin_10w_2026-01-19_2026-03-23,"{""mae"": 22.958750159470256, ""rmse"": 33.333908082704255, ""wape"": 0.07710856524126625, ""smape"": 0.16823392480509278, ""bias"": 15.008039101966244, ""by_brand_wape"": {""Fresh"": 0.06395776486991127, ""Style"": 0.09689296159968708, ""Tech"": 0.3534000751896196}, ""by_depot_wape"": {""Kandy"": 0.08881392866798898, ""Peliyagoda"": 0.07086252620346822}}",0.07710856524126625,,0.07710856524126625,,,0.4940989000024274,20261006,recursive 10-week forecast,low: lags shifted; future calendar only,False,
T2A-total_volume_m3-rolling13-F1,2026-10-06T04:15:51.384968+00:00,Task2A,total_volume_m3,weekly_calendar_lags_v1,rolling13,see train_task2a.py,rolling_origin_10w_2025-09-01_2025-11-03,"{""mae"": 16.41147557916003, ""rmse"": 29.55447077426258, ""wape"": 0.055145438743697664, ""smape"": 0.14261833802040086, ""bias"": 3.4501645570047166, ""by_brand_wape"": {""Fresh"": 0.040087119843371474, ""Style"": 0.10586946975580944, ""Tech"": 0.2815164979867197}, ""by_depot_wape"": {""Kandy"": 0.06159438870578466, ""Peliyagoda"": 0.05168558329112476}}",0.055145438743697664,,0.055145438743697664,,,0.46086020000075223,20261006,recursive 10-week forecast,low: lags shifted; future calendar only,False,
T2A-total_volume_m3-rolling13-F2,2026-10-06T04:15:51.834200+00:00,Task2A,total_volume_m3,weekly_calendar_lags_v1,rolling13,see train_task2a.py,rolling_origin_10w_2025-11-10_2026-01-12,"{""mae"": 21.194448263388278, ""rmse"": 33.06204871759038, ""wape"": 0.0700551209276018, ""smape"": 0.16643414841787665, ""bias"": -4.095203465127846, ""by_brand_wape"": {""Fresh"": 0.05877180335920514, ""Style"": 0.07501288244292921, ""Tech"": 0.3243021002765756}, ""by_depot_wape"": {""Kandy"": 0.08024833012615407, ""Peliyagoda"": 0.06456374819239759}}",0.0700551209276018,,0.0700551209276018,,,0.44922979999682866,20261006,recursive 10-week forecast,low: lags shifted; future calendar only,False,
T2A-total_volume_m3-rolling13-F3,2026-10-06T04:15:52.316159+00:00,Task2A,total_volume_m3,weekly_calendar_lags_v1,rolling13,see train_task2a.py,rolling_origin_10w_2026-01-19_2026-03-23,"{""mae"": 16.674193942770398, ""rmse"": 25.187109137996117, ""wape"": 0.056001444440619504, ""smape"": 0.13621259527149746, ""bias"": 6.946996403011661, ""by_brand_wape"": {""Fresh"": 0.04226362813294069, ""Style"": 0.09431306277160298, ""Tech"": 0.27289455431912235}, ""by_depot_wape"": {""Kandy"": 0.05544726874053117, ""Peliyagoda"": 0.05629715529814389}}",0.056001444440619504,,0.056001444440619504,,,0.48195940000005066,20261006,recursive 10-week forecast,low: lags shifted; future calendar only,False,
T2A-total_volume_m3-seasonal52-F1,2026-10-06T04:15:52.875847+00:00,Task2A,total_volume_m3,weekly_calendar_lags_v1,seasonal52,see train_task2a.py,rolling_origin_10w_2025-09-01_2025-11-03,"{""mae"": 30.50731666666666, ""rmse"": 54.94970989535189, ""wape"": 0.10250993911921955, ""smape"": 0.2049751451938611, ""bias"": -13.814150000000005, ""by_brand_wape"": {""Fresh"": 0.08728286276444491, ""Style"": 0.13891125226194284, ""Tech"": 0.39913112180176624}, ""by_depot_wape"": {""Kandy"": 0.11691975218646034, ""Peliyagoda"": 0.09477908826685616}}",0.10250993911921955,,0.10250993911921955,,,0.5596355000016047,20261006,recursive 10-week forecast,low: lags shifted; future calendar only,False,
T2A-total_volume_m3-seasonal52-F2,2026-10-06T04:15:53.374334+00:00,Task2A,total_volume_m3,weekly_calendar_lags_v1,seasonal52,see train_task2a.py,rolling_origin_10w_2025-11-10_2026-01-12,"{""mae"": 23.39198333333334, ""rmse"": 33.82464303950598, ""wape"": 0.07731874879630085, ""smape"": 0.18458874617688095, ""bias"": -19.07731666666667, ""by_brand_wape"": {""Fresh"": 0.06379248804427086, ""Style"": 0.0973823023655714, ""Tech"": 0.3323052045277595}, ""by_depot_wape"": {""Kandy"": 0.09371825031992585, ""Peliyagoda"": 0.06848386924231649}}",0.07731874879630085,,0.07731874879630085,,,0.4984831999972812,20261006,recursive 10-week forecast,low: lags shifted; future calendar only,False,
T2A-total_volume_m3-seasonal52-F3,2026-10-06T04:15:53.877757+00:00,Task2A,total_volume_m3,weekly_calendar_lags_v1,seasonal52,see train_task2a.py,rolling_origin_10w_2026-01-19_2026-03-23,"{""mae"": 19.699133333333332, ""rmse"": 31.70113046932765, ""wape"": 0.06616091456542877, ""smape"": 0.15679800302843214, ""bias"": -16.029700000000002, ""by_brand_wape"": {""Fresh"": 0.059182282117127, ""Style"": 0.05427848455850446, ""Tech"": 0.3037683864934166}, ""by_depot_wape"": {""Kandy"": 0.07065378269363924, ""Peliyagoda"": 0.0637634982104256}}",0.06616091456542877,,0.06616091456542877,,,0.503453500001342,20261006,recursive 10-week forecast,low: lags shifted; future calendar only,False,
T2A-total_volume_m3-seasonal_recent_blend-F1,2026-10-06T04:15:54.427683+00:00,Task2A,total_volume_m3,weekly_calendar_lags_v1,seasonal_recent_blend,see train_task2a.py,rolling_origin_10w_2025-09-01_2025-11-03,"{""mae"": 22.880365223925896, ""rmse"": 44.64704803755517, ""wape"": 0.07688204347034189, ""smape"": 0.1705693839687664, ""bias"": -12.808675777893354, ""by_brand_wape"": {""Fresh"": 0.06387880338048531, ""Style"": 0.10437135816492339, ""Tech"": 0.3465339368009525}, ""by_depot_wape"": {""Kandy"": 0.08761746816515942, ""Peliyagoda"": 0.0711224984460493}}",0.07688204347034189,,0.07688204347034189,,,0.5498421000011149,20261006,recursive 10-week forecast,low: lags shifted; future calendar only,False,
T2A-total_volume_m3-seasonal_recent_blend-F2,2026-10-06T04:15:54.873181+00:00,Task2A,total_volume_m3,weekly_calendar_lags_v1,seasonal_recent_blend,see train_task2a.py,rolling_origin_10w_2025-11-10_2026-01-12,"{""mae"": 21.664462873015243, ""rmse"": 33.747322290197474, ""wape"": 0.07160868485651214, ""smape"": 0.1677082561138052, ""bias"": -17.42817011518928, ""by_brand_wape"": {""Fresh"": 0.06076823383772653, ""Style"": 0.07398640436305438, ""Tech"": 0.32428979914012523}, ""by_depot_wape"": {""Kandy"": 0.08624580538185501, ""Peliyagoda"": 0.06372325024910883}}",0.07160868485651214,,0.07160868485651214,,,0.4454974999971455,20261006,recursive 10-week forecast,low: lags shifted; future calendar only,False,
T2A-total_volume_m3-seasonal_recent_blend-F3,2026-10-06T04:15:55.347839+00:00,Task2A,total_volume_m3,weekly_calendar_lags_v1,seasonal_recent_blend,see train_task2a.py,rolling_origin_10w_2026-01-19_2026-03-23,"{""mae"": 15.573475428934755, ""rmse"": 25.718657473436636, ""wape"": 0.05230460446689143, ""smape"": 0.12365205563923444, ""bias"": -10.870541091196493, ""by_brand_wape"": {""Fresh"": 0.0432656691062552, ""Style"": 0.06421684351434719, ""Tech"": 0.24906298163454077}, ""by_depot_wape"": {""Kandy"": 0.05925516422609769, ""Peliyagoda"": 0.0485957518659171}}",0.05230460446689143,,0.05230460446689143,,,0.47463080000306945,20261006,recursive 10-week forecast,low: lags shifted; future calendar only,False,
T2A-total_volume_m3-ridge-F1,2026-10-06T04:15:55.936442+00:00,Task2A,total_volume_m3,weekly_calendar_lags_v1,ridge,see train_task2a.py,rolling_origin_10w_2025-09-01_2025-11-03,"{""mae"": 25.226767018096464, ""rmse"": 35.07613872840385, ""wape"": 0.08476636537573135, ""smape"": 0.39088172401882326, ""bias"": 9.32324479467347, ""by_brand_wape"": {""Fresh"": 0.06296702732293417, ""Style"": 0.09653517519016659, ""Tech"": 0.6928661979068397}, ""by_depot_wape"": {""Kandy"": 0.1144206365357578, ""Peliyagoda"": 0.06885687741749479}}",0.08476636537573135,,0.08476636537573135,,,0.5885587999946438,20261006,recursive 10-week forecast,low: lags shifted; future calendar only,False,
T2A-total_volume_m3-ridge-F2,2026-10-06T04:15:56.474256+00:00,Task2A,total_volume_m3,weekly_calendar_lags_v1,ridge,see train_task2a.py,rolling_origin_10w_2025-11-10_2026-01-12,"{""mae"": 23.77007214788661, ""rmse"": 32.79683505813426, ""wape"": 0.07856846557570185, ""smape"": 0.23801316633542735, ""bias"": 12.958159745493514, ""by_brand_wape"": {""Fresh"": 0.055175059985875435, ""Style"": 0.14955506978494168, ""Tech"": 0.39158173943821023}, ""by_depot_wape"": {""Kandy"": 0.08347435823533957, ""Peliyagoda"": 0.07592552117338357}}",0.07856846557570185,,0.07856846557570185,,,0.5378178999962984,20261006,recursive 10-week forecast,low: lags shifted; future calendar only,False,
T2A-total_volume_m3-ridge-F3,2026-10-06T04:15:57.036330+00:00,Task2A,total_volume_m3,weekly_calendar_lags_v1,ridge,see train_task2a.py,rolling_origin_10w_2026-01-19_2026-03-23,"{""mae"": 22.267570421505734, ""rmse"": 31.182413575679746, ""wape"": 0.07478718983763633, ""smape"": 0.4019021586760536, ""bias"": 2.2761167005493292, ""by_brand_wape"": {""Fresh"": 0.04935304861074319, ""Style"": 0.12909535141985495, ""Tech"": 0.5439175561376185}, ""by_depot_wape"": {""Kandy"": 0.09767527217478579, ""Peliyagoda"": 0.06257399742604483}}",0.07478718983763633,,0.07478718983763633,,,0.5620851999992738,20261006,recursive 10-week forecast,low: lags shifted; future calendar only,False,
T2A-total_volume_m3-hgb-F1,2026-10-06T04:15:58.747016+00:00,Task2A,total_volume_m3,weekly_calendar_lags_v1,hgb,see train_task2a.py,rolling_origin_10w_2025-09-01_2025-11-03,"{""mae"": 15.252263036278062, ""rmse"": 24.09308264525243, ""wape"": 0.05125028111657981, ""smape"": 0.163869196619251, ""bias"": 3.9277145589471436, ""by_brand_wape"": {""Fresh"": 0.03534554432745933, ""Style"": 0.0808063432504927, ""Tech"": 0.3995653569433485}, ""by_depot_wape"": {""Kandy"": 0.0650093815652344, ""Peliyagoda"": 0.04386853695828428}}",0.05125028111657981,,0.05125028111657981,,,1.7106256999977631,20261006,recursive 10-week forecast,low: lags shifted; future calendar only,False,
T2A-total_volume_m3-hgb-F2,2026-10-06T04:16:00.092682+00:00,Task2A,total_volume_m3,weekly_calendar_lags_v1,hgb,see train_task2a.py,rolling_origin_10w_2025-11-10_2026-01-12,"{""mae"": 18.639822965353414, ""rmse"": 26.693006635087276, ""wape"": 0.06161118400815435, ""smape"": 0.17393481615396217, ""bias"": -1.5046935522631144, ""by_brand_wape"": {""Fresh"": 0.04004590071878762, ""Style"": 0.14176254918359135, ""Tech"": 0.2982751915357869}, ""by_depot_wape"": {""Kandy"": 0.0786266594660142, ""Peliyagoda"": 0.052444461714345345}}",0.06161118400815435,,0.06161118400815435,,,1.3456587999971816,20261006,recursive 10-week forecast,low: lags shifted; future calendar only,False,
T2A-total_volume_m3-hgb-F3,2026-10-06T04:16:01.328624+00:00,Task2A,total_volume_m3,weekly_calendar_lags_v1,hgb,see train_task2a.py,rolling_origin_10w_2026-01-19_2026-03-23,"{""mae"": 13.944411235178682, ""rmse"": 20.548230863049547, ""wape"": 0.046833278641489916, ""smape"": 0.14307561025313634, ""bias"": -0.8429965003312189, ""by_brand_wape"": {""Fresh"": 0.028170838570600005, ""Style"": 0.11521521058373416, ""Tech"": 0.2750605238691273}, ""by_depot_wape"": {""Kandy"": 0.05850981905693718, ""Peliyagoda"": 0.040602619703142925}}",0.046833278641489916,,0.046833278641489916,,,1.235945600004925,20261006,recursive 10-week forecast,low: lags shifted; future calendar only,False,
T2A-total_volume_m3-hgb_log-F1,2026-10-06T04:16:02.696792+00:00,Task2A,total_volume_m3,weekly_calendar_lags_v1,hgb_log,see train_task2a.py,rolling_origin_10w_2025-09-01_2025-11-03,"{""mae"": 23.53580985515044, ""rmse"": 36.711497638225566, ""wape"": 0.07908445248510329, ""smape"": 0.15629476649237753, ""bias"": 2.4222295611661195, ""by_brand_wape"": {""Fresh"": 0.07013553782907278, ""Style"": 0.08886040619943376, ""Tech"": 0.3062328592758128}, ""by_depot_wape"": {""Kandy"": 0.11414490537180938, ""Peliyagoda"": 0.06027455322973844}}",0.07908445248510329,,0.07908445248510329,,,1.3680968000044231,20261006,recursive 10-week forecast,low: lags shifted; future calendar only,False,
T2A-total_volume_m3-hgb_log-F2,2026-10-06T04:16:03.971991+00:00,Task2A,total_volume_m3,weekly_calendar_lags_v1,hgb_log,see train_task2a.py,rolling_origin_10w_2025-11-10_2026-01-12,"{""mae"": 27.992287821234004, ""rmse"": 49.05273266074098, ""wape"": 0.09252437638323711, ""smape"": 0.18983607529328445, ""bias"": -18.83598795685826, ""by_brand_wape"": {""Fresh"": 0.07697584173679937, ""Style"": 0.1336785370077211, ""Tech"": 0.321828163395819}, ""by_depot_wape"": {""Kandy"": 0.07463425901244608, ""Peliyagoda"": 0.10216229324003215}}",0.09252437638323711,,0.09252437638323711,,,1.2751824000006309,20261006,recursive 10-week forecast,low: lags shifted; future calendar only,False,
T2A-total_volume_m3-hgb_log-F3,2026-10-06T04:16:05.410036+00:00,Task2A,total_volume_m3,weekly_calendar_lags_v1,hgb_log,see train_task2a.py,rolling_origin_10w_2026-01-19_2026-03-23,"{""mae"": 19.847610833012066, ""rmse"": 35.67403962243496, ""wape"": 0.0666595866138336, ""smape"": 0.12367510450952146, ""bias"": -8.732277827019187, ""by_brand_wape"": {""Fresh"": 0.05659816788106176, ""Style"": 0.0984157609636015, ""Tech"": 0.2104788644646534}, ""by_depot_wape"": {""Kandy"": 0.05302777882524613, ""Peliyagoda"": 0.07393358576271053}}",0.0666595866138336,,0.0666595866138336,,,1.43804850000015,20261006,recursive 10-week forecast,low: lags shifted; future calendar only,False,
T2A-chilled_volume_m3-historical_mean-F1,2026-10-06T04:16:07.181613+00:00,Task2A,chilled_volume_m3,weekly_calendar_lags_v1,historical_mean,see train_task2a.py,rolling_origin_10w_2025-09-01_2025-11-03,"{""mae"": 12.291115517241382, ""rmse"": 18.259439562193208, ""wape"": 0.044967427246878154, ""smape"": 0.0462545640974366, ""bias"": -8.464094827586212, ""by_brand_wape"": {""Fresh"": 0.044967427246878154}, ""by_depot_wape"": {""Kandy"": 0.0519602700138823, ""Peliyagoda"": 0.04134996020465161}}",0.044967427246878154,,0.044967427246878154,,,0.36813850000180537,20261006,recursive 10-week forecast,low: lags shifted; future calendar only,False,
T2A-chilled_volume_m3-historical_mean-F2,2026-10-06T04:16:07.549159+00:00,Task2A,chilled_volume_m3,weekly_calendar_lags_v1,historical_mean,see train_task2a.py,rolling_origin_10w_2025-11-10_2026-01-12,"{""mae"": 18.067701546391763, ""rmse"": 21.495287274656214, ""wape"": 0.06641434903872302, ""smape"": 0.06654312693144773, ""bias"": -6.302907731958801, ""by_brand_wape"": {""Fresh"": 0.06641434903872302}, ""by_depot_wape"": {""Kandy"": 0.06616831056995925, ""Peliyagoda"": 0.06654277113825864}}",0.06641434903872302,,0.06641434903872302,,,0.36756180000520544,20261006,recursive 10-week forecast,low: lags shifted; future calendar only,False,
T2A-chilled_volume_m3-historical_mean-F3,2026-10-06T04:16:07.889910+00:00,Task2A,chilled_volume_m3,weekly_calendar_lags_v1,historical_mean,see train_task2a.py,rolling_origin_10w_2026-01-19_2026-03-23,"{""mae"": 10.970548598130836, ""rmse"": 15.560655806138168, ""wape"": 0.04019847084210609, ""smape"": 0.04027760157452841, ""bias"": -6.578300934579415, ""by_brand_wape"": {""Fresh"": 0.04019847084210609}, ""by_depot_wape"": {""Kandy"": 0.04076525876710374, ""Peliyagoda"": 0.03990165365624037}}",0.04019847084210609,,0.04019847084210609,,,0.3407350000052247,20261006,recursive 10-week forecast,low: lags shifted; future calendar only,False,
T2A-chilled_volume_m3-rolling4-F1,2026-10-06T04:16:08.181815+00:00,Task2A,chilled_volume_m3,weekly_calendar_lags_v1,rolling4,see train_task2a.py,rolling_origin_10w_2025-09-01_2025-11-03,"{""mae"": 12.533602397537217, ""rmse"": 16.772069174048347, ""wape"": 0.04585457301755534, ""smape"": 0.050240429877253946, ""bias"": 4.889603502273539, ""by_brand_wape"": {""Fresh"": 0.04585457301755534}, ""by_depot_wape"": {""Kandy"": 0.06738929634245809, ""Peliyagoda"": 0.034714446678825}}",0.04585457301755534,,0.04585457301755534,,,0.2918463000023621,20261006,recursive 10-week forecast,low: lags shifted; future calendar only,False,
T2A-chilled_volume_m3-rolling4-F2,2026-10-06T04:16:08.476844+00:00,Task2A,chilled_volume_m3,weekly_calendar_lags_v1,rolling4,see train_task2a.py,rolling_origin_10w_2025-11-10_2026-01-12,"{""mae"": 18.00767303280829, ""rmse"": 21.708875870566526, ""wape"": 0.06619369260142403, ""smape"": 0.06577107132183124, ""bias"": 0.1909764789104628, ""by_brand_wape"": {""Fresh"": 0.06619369260142403}, ""by_depot_wape"": {""Kandy"": 0.06412267100303302, ""Peliyagoda"": 0.0672746818596702}}",0.06619369260142403,,0.06619369260142403,,,0.2950256999974954,20261006,recursive 10-week forecast,low: lags shifted; future calendar only,False,
T2A-chilled_volume_m3-rolling4-F3,2026-10-06T04:16:08.740395+00:00,Task2A,chilled_volume_m3,weekly_calendar_lags_v1,rolling4,see train_task2a.py,rolling_origin_10w_2026-01-19_2026-03-23,"{""mae"": 14.674697911071766, ""rmse"": 17.71111440493726, ""wape"": 0.05377127778235638, ""smape"": 0.05119890363467362, ""bias"": 10.231887403869635, ""by_brand_wape"": {""Fresh"": 0.05377127778235638}, ""by_depot_wape"": {""Kandy"": 0.04522553230752401, ""Peliyagoda"": 0.05824653918277351}}",0.05377127778235638,,0.05377127778235638,,,0.2635484999991604,20261006,recursive 10-week forecast,low: lags shifted; future calendar only,False,
T2A-chilled_volume_m3-rolling13-F1,2026-10-06T04:16:09.025820+00:00,Task2A,chilled_volume_m3,weekly_calendar_lags_v1,rolling13,see train_task2a.py,rolling_origin_10w_2025-09-01_2025-11-03,"{""mae"": 15.703329221069461, ""rmse"": 18.71899599933196, ""wape"": 0.057451116889405206, ""smape"": 0.05801892377077648, ""bias"": 9.550970591282244, ""by_brand_wape"": {""Fresh"": 0.057451116889405206}, ""by_depot_wape"": {""Kandy"": 0.06362852691236506, ""Peliyagoda"": 0.054255481307575765}}",0.057451116889405206,,0.057451116889405206,,,0.28541930000210414,20261006,recursive 10-week forecast,low: lags shifted; future calendar only,False,
T2A-chilled_volume_m3-rolling13-F2,2026-10-06T04:16:09.341374+00:00,Task2A,chilled_volume_m3,weekly_calendar_lags_v1,rolling13,see train_task2a.py,rolling_origin_10w_2025-11-10_2026-01-12,"{""mae"": 16.05215535222482, ""rmse"": 20.288205297174553, ""wape"": 0.05900548255399818, ""smape"": 0.05894050465798291, ""bias"": 1.677232327047355, ""by_brand_wape"": {""Fresh"": 0.05900548255399818}, ""by_depot_wape"": {""Kandy"": 0.05814734652740249, ""Peliyagoda"": 0.05945339474747057}}",0.05900548255399818,,0.05900548255399818,,,0.315519800002221,20261006,recursive 10-week forecast,low: lags shifted; future calendar only,False,
T2A-chilled_volume_m3-rolling13-F3,2026-10-06T04:16:09.653288+00:00,Task2A,chilled_volume_m3,weekly_calendar_lags_v1,rolling13,see train_task2a.py,rolling_origin_10w_2026-01-19_2026-03-23,"{""mae"": 11.16709402376171, ""rmse"": 14.0767071410794, ""wape"": 0.04091865593501185, ""smape"": 0.038182567587822326, ""bias"": 1.1647824360318466, ""by_brand_wape"": {""Fresh"": 0.04091865593501185}, ""by_depot_wape"": {""Kandy"": 0.03015168951897941, ""Peliyagoda"": 0.04655713292255665}}",0.04091865593501185,,0.04091865593501185,,,0.3119142999930773,20261006,recursive 10-week forecast,low: lags shifted; future calendar only,False,
T2A-chilled_volume_m3-seasonal52-F1,2026-10-06T04:16:09.947467+00:00,Task2A,chilled_volume_m3,weekly_calendar_lags_v1,seasonal52,see train_task2a.py,rolling_origin_10w_2025-09-01_2025-11-03,"{""mae"": 25.50405, ""rmse"": 34.04704929579067, ""wape"": 0.09330735776317413, ""smape"": 0.0959541738935376, ""bias"": -17.188449999999996, ""by_brand_wape"": {""Fresh"": 0.09330735776317413}, ""by_depot_wape"": {""Kandy"": 0.09736334653573714, ""Peliyagoda"": 0.09120915447200054}}",0.09330735776317413,,0.09330735776317413,,,0.2941002000006847,20261006,recursive 10-week forecast,low: lags shifted; future calendar only,False,
T2A-chilled_volume_m3-seasonal52-F2,2026-10-06T04:16:10.254171+00:00,Task2A,chilled_volume_m3,weekly_calendar_lags_v1,seasonal52,see train_task2a.py,rolling_origin_10w_2025-11-10_2026-01-12,"{""mae"": 16.95745, ""rmse"": 19.367522483528962, ""wape"": 0.06233321932039589, ""smape"": 0.06693909262628024, ""bias"": -16.95745, ""by_brand_wape"": {""Fresh"": 0.06233321932039589}, ""by_depot_wape"": {""Kandy"": 0.07116459535791037, ""Peliyagoda"": 0.05772359929542735}}",0.06233321932039589,,0.06233321932039589,,,0.3067021000024397,20261006,recursive 10-week forecast,low: lags shifted; future calendar only,False,
T2A-chilled_volume_m3-seasonal52-F3,2026-10-06T04:16:10.560616+00:00,Task2A,chilled_volume_m3,weekly_calendar_lags_v1,seasonal52,see train_task2a.py,rolling_origin_10w_2026-01-19_2026-03-23,"{""mae"": 13.694499999999994, ""rmse"": 17.9748214872916, ""wape"": 0.0501796199180974, ""smape"": 0.05433821307746548, ""bias"": -12.333799999999993, ""by_brand_wape"": {""Fresh"": 0.0501796199180974}, ""by_depot_wape"": {""Kandy"": 0.05982496391173352, ""Peliyagoda"": 0.045128517495776364}}",0.0501796199180974,,0.0501796199180974,,,0.30644340000435477,20261006,recursive 10-week forecast,low: lags shifted; future calendar only,False,
T2A-chilled_volume_m3-seasonal_recent_blend-F1,2026-10-06T04:16:10.866045+00:00,Task2A,chilled_volume_m3,weekly_calendar_lags_v1,seasonal_recent_blend,see train_task2a.py,rolling_origin_10w_2025-09-01_2025-11-03,"{""mae"": 18.484440056215885, ""rmse"": 26.63356340826496, ""wape"": 0.06762589711741007, ""smape"": 0.06852602171568953, ""bias"": -14.69856729699328, ""by_brand_wape"": {""Fresh"": 0.06762589711741007}, ""by_depot_wape"": {""Kandy"": 0.06892037100335881, ""Peliyagoda"": 0.06695625291469211}}",0.06762589711741007,,0.06762589711741007,,,0.30537729999923613,20261006,recursive 10-week forecast,low: lags shifted; future calendar only,False,
T2A-chilled_volume_m3-seasonal_recent_blend-F2,2026-10-06T04:16:11.190524+00:00,Task2A,chilled_volume_m3,weekly_calendar_lags_v1,seasonal_recent_blend,see train_task2a.py,rolling_origin_10w_2025-11-10_2026-01-12,"{""mae"": 16.12852093845413, ""rmse"": 19.15413472120063, ""wape"": 0.05928619179005444, ""smape"": 0.06193196871840604, ""bias"": -15.310317938454125, ""by_brand_wape"": {""Fresh"": 0.05928619179005444}, ""by_depot_wape"": {""Kandy"": 0.0687578518078731, ""Peliyagoda"": 0.054342369502070574}}",0.05928619179005444,,0.05928619179005444,,,0.32449479999922914,20261006,recursive 10-week forecast,low: lags shifted; future calendar only,False,
T2A-chilled_volume_m3-seasonal_recent_blend-F3,2026-10-06T04:16:11.517421+00:00,Task2A,chilled_volume_m3,weekly_calendar_lags_v1,seasonal_recent_blend,see train_task2a.py,rolling_origin_10w_2026-01-19_2026-03-23,"{""mae"": 11.17359202251579, ""rmse"": 15.105338157347107, ""wape"": 0.04094246601261293, ""smape"": 0.04358572564827472, ""bias"": -9.03759532342578, ""by_brand_wape"": {""Fresh"": 0.04094246601261293}, ""by_depot_wape"": {""Kandy"": 0.04980369946063913, ""Peliyagoda"": 0.036301988932312956}}",0.04094246601261293,,0.04094246601261293,,,0.3268960999994306,20261006,recursive 10-week forecast,low: lags shifted; future calendar only,False,
T2A-chilled_volume_m3-ridge-F1,2026-10-06T04:16:11.883841+00:00,Task2A,chilled_volume_m3,weekly_calendar_lags_v1,ridge,see train_task2a.py,rolling_origin_10w_2025-09-01_2025-11-03,"{""mae"": 10.34220241646088, ""rmse"": 12.56351465162037, ""wape"": 0.037837268235118716, ""smape"": 0.038661616723507417, ""bias"": 0.7357927566656954, ""by_brand_wape"": {""Fresh"": 0.037837268235118716}, ""by_depot_wape"": {""Kandy"": 0.03807334005560683, ""Peliyagoda"": 0.037715145936839146}}",0.037837268235118716,,0.037837268235118716,,,0.36632639999879757,20261006,recursive 10-week forecast,low: lags shifted; future calendar only,False,
T2A-chilled_volume_m3-ridge-F2,2026-10-06T04:16:12.244350+00:00,Task2A,chilled_volume_m3,weekly_calendar_lags_v1,ridge,see train_task2a.py,rolling_origin_10w_2025-11-10_2026-01-12,"{""mae"": 11.494088471953358, ""rmse"": 14.062498139537377, ""wape"": 0.042250664906003134, ""smape"": 0.040983144907835056, ""bias"": 5.150592713190187, ""by_brand_wape"": {""Fresh"": 0.042250664906003134}, ""by_depot_wape"": {""Kandy"": 0.04022623186768133, ""Peliyagoda"": 0.043307336825873344}}",0.042250664906003134,,0.042250664906003134,,,0.36051250000309665,20261006,recursive 10-week forecast,low: lags shifted; future calendar only,False,
T2A-chilled_volume_m3-ridge-F3,2026-10-06T04:16:12.684413+00:00,Task2A,chilled_volume_m3,weekly_calendar_lags_v1,ridge,see train_task2a.py,rolling_origin_10w_2026-01-19_2026-03-23,"{""mae"": 10.830746876882511, ""rmse"": 13.317211744521314, ""wape"": 0.0396862069963186, ""smape"": 0.03800065090930817, ""bias"": 6.906784643748212, ""by_brand_wape"": {""Fresh"": 0.0396862069963186}, ""by_depot_wape"": {""Kandy"": 0.033721111140891706, ""Peliyagoda"": 0.04281002613067022}}",0.0396862069963186,,0.0396862069963186,,,0.4400588999997126,20261006,recursive 10-week forecast,low: lags shifted; future calendar only,False,
T2A-chilled_volume_m3-hgb-F1,2026-10-06T04:16:13.436241+00:00,Task2A,chilled_volume_m3,weekly_calendar_lags_v1,hgb,see train_task2a.py,rolling_origin_10w_2025-09-01_2025-11-03,"{""mae"": 11.973222123565417, ""rmse"": 14.984136788029634, ""wape"": 0.04380440440876919, ""smape"": 0.04681603603314168, ""bias"": -1.6850190294490246, ""by_brand_wape"": {""Fresh"": 0.04380440440876919}, ""by_depot_wape"": {""Kandy"": 0.05591926797574997, ""Peliyagoda"": 0.0375372651158033}}",0.04380440440876919,,0.04380440440876919,,,0.7518176000012318,20261006,recursive 10-week forecast,low: lags shifted; future calendar only,False,
T2A-chilled_volume_m3-hgb-F2,2026-10-06T04:16:14.469259+00:00,Task2A,chilled_volume_m3,weekly_calendar_lags_v1,hgb,see train_task2a.py,rolling_origin_10w_2025-11-10_2026-01-12,"{""mae"": 11.867112242003435, ""rmse"": 14.098681843423073, ""wape"": 0.04362184821895716, ""smape"": 0.04378012404806607, ""bias"": 3.622519011149495, ""by_brand_wape"": {""Fresh"": 0.04362184821895716}, ""by_depot_wape"": {""Kandy"": 0.04726478160367897, ""Peliyagoda"": 0.0417203847767362}}",0.04362184821895716,,0.04362184821895716,,,1.0330108999987715,20261006,recursive 10-week forecast,low: lags shifted; future calendar only,False,
T2A-chilled_volume_m3-hgb-F3,2026-10-06T04:16:15.484352+00:00,Task2A,chilled_volume_m3,weekly_calendar_lags_v1,hgb,see train_task2a.py,rolling_origin_10w_2026-01-19_2026-03-23,"{""mae"": 8.640320604970904, ""rmse"": 12.315265961607828, ""wape"": 0.0316600097796886, ""smape"": 0.030467474271067035, ""bias"": -2.0901007869252965, ""by_brand_wape"": {""Fresh"": 0.0316600097796886}, ""by_depot_wape"": {""Kandy"": 0.025887789081027915, ""Peliyagoda"": 0.03468282347844454}}",0.0316600097796886,,0.0316600097796886,,,1.015084400001797,20261006,recursive 10-week forecast,low: lags shifted; future calendar only,False,
T2A-chilled_volume_m3-hgb_log-F1,2026-10-06T04:16:16.225265+00:00,Task2A,chilled_volume_m3,weekly_calendar_lags_v1,hgb_log,see train_task2a.py,rolling_origin_10w_2025-09-01_2025-11-03,"{""mae"": 13.80132611177216, ""rmse"": 17.102561540642647, ""wape"": 0.05049257953608788, ""smape"": 0.054121141731703015, ""bias"": -1.469482171262817, ""by_brand_wape"": {""Fresh"": 0.05049257953608788}, ""by_depot_wape"": {""Kandy"": 0.06616498930953686, ""Peliyagoda"": 0.04238508624376984}}",0.05049257953608788,,0.05049257953608788,,,0.7408127000016975,20261006,recursive 10-week forecast,low: lags shifted; future calendar only,False,
T2A-chilled_volume_m3-hgb_log-F2,2026-10-06T04:16:17.314603+00:00,Task2A,chilled_volume_m3,weekly_calendar_lags_v1,hgb_log,see train_task2a.py,rolling_origin_10w_2025-11-10_2026-01-12,"{""mae"": 11.027664074144528, ""rmse"": 13.837901569418653, ""wape"": 0.040536153922040255, ""smape"": 0.040572965651160184, ""bias"": 2.672137242711351, ""by_brand_wape"": {""Fresh"": 0.040536153922040255}, ""by_depot_wape"": {""Kandy"": 0.042201122295001545, ""Peliyagoda"": 0.039667107974914934}}",0.040536153922040255,,0.040536153922040255,,,1.0893444000030286,20261006,recursive 10-week forecast,low: lags shifted; future calendar only,False,
T2A-chilled_volume_m3-hgb_log-F3,2026-10-06T04:16:18.324379+00:00,Task2A,chilled_volume_m3,weekly_calendar_lags_v1,hgb_log,see train_task2a.py,rolling_origin_10w_2026-01-19_2026-03-23,"{""mae"": 9.096568953589365, ""rmse"": 12.696870231670314, ""wape"": 0.033331802741967904, ""smape"": 0.03268236125237336, ""bias"": -3.20044626223369, ""by_brand_wape"": {""Fresh"": 0.033331802741967904}, ""by_depot_wape"": {""Kandy"": 0.029616522336372884, ""Peliyagoda"": 0.035277431831887834}}",0.033331802741967904,,0.033331802741967904,,,1.009767899995495,20261006,recursive 10-week forecast,low: lags shifted; future calendar only,False,
