dimension,group,rows,service_mae,late_log_loss,late_rate,mean_probability
brand,Fresh,4789,3.4215201600247744,0.1440964329184594,0.13593652119440383,0.1335977016570103
brand,Style,150,9.833094984324617,0.05127835307554189,0.04,0.03606042526109384
brand,Tech,96,14.03738930088719,0.04931604821554684,0.03125,0.01893115233709255
district,Badulla,252,4.61899853857016,0.5098416972407783,0.4365079365079365,0.4022837605708717
district,Colombo,892,3.988556365217098,0.08878805535470596,0.12331838565022421,0.1156105468817241
district,Galle,379,4.130134292426669,0.11288075193064603,0.1266490765171504,0.12062185354524801
district,Gampaha,633,4.104893092280515,0.09605527077092196,0.10742496050552923,0.08683673978050088
district,Kalutara,438,4.084871307433153,0.14405054463443018,0.1689497716894977,0.16845172120611848
district,Kandy,768,3.0560496291009454,0.040038573240858806,0.037760416666666664,0.050090580972188846
district,Kegalle,246,4.712281089742313,0.13721876028635355,0.16666666666666666,0.17227552353103148
district,Kurunegala,317,2.9929383549998767,0.10491504990325787,0.06624605678233439,0.08258068616202467
district,Matale,375,4.359161357024482,0.09481070619791986,0.10133333333333333,0.08944807147438738
district,Matara,249,3.7993670450254036,0.09938171698421512,0.04819277108433735,0.05665980296967319
district,Nuwara Eliya,306,3.5104281671479325,0.423024746928507,0.238562091503268,0.2658561054325305
district,Puttalam,180,2.353301424979516,0.22575990452052858,0.2,0.17794350561260472
depot,Kandy,1947,3.7900007308563244,0.18386498940341126,0.14946070878274267,0.15260392794267288
depot,Peliyagoda,3088,3.8306613484181486,0.111566961291478,0.11949481865284974,0.11331152847945698
dock_type,mall_bay,72,15.419227786593979,0.09769253183278802,0.09722222222222222,0.07768824362008936
dock_type,rear_dock,3370,3.5439998031773032,0.1696381954140081,0.15548961424332344,0.15202062456124799
dock_type,street,1593,3.8636220524483553,0.07770830508434264,0.08097928436911488,0.08105636493213757
monsoon,0,5035,3.8149381662149966,0.13952411337368933,0.13108242303872888,0.12850563011895677
seq_in_route,0.0,1385,4.260511878087288,0.08831544476058284,0.05198555956678701,0.05187094122714536
seq_in_route,1.0,1185,3.899754247720731,0.11831472613811793,0.09620253164556962,0.09511338644032069
seq_in_route,2.0,891,3.267650713373348,0.11934878813232119,0.08641975308641975,0.08856327748405621
seq_in_route,3.0,679,3.484274297270291,0.16137258998578985,0.14138438880706922,0.14414815325611138
seq_in_route,4.0,425,3.792860322618573,0.2401667080993555,0.2,0.2030232851494357
seq_in_route,5.0,291,3.9585090482676173,0.28298816964965684,0.3642611683848797,0.3319942403874033
seq_in_route,6.0,114,4.036363095360519,0.2611196132037756,0.5526315789473685,0.5079711816385654
seq_in_route,7.0,44,2.7971867283371252,0.21395271225998416,0.5909090909090909,0.5531633653361948
seq_in_route,8.0,18,2.8051270561539776,,1.0,0.9789408514188924
seq_in_route,9.0,3,3.7637442142974975,,1.0,0.9748988566678544
