row_id,pred_total_volume_m3,pred_chilled_volume_m3
W0000,532.123057536474,200.68073325126903
W0001,77.883468222154,0.0
W0002,23.379806322408665,0.0
W0003,1003.3871344517603,380.2120819013668
W0004,153.2927925346186,0.0
W0005,34.997702813805034,0.0
W0006,617.7024841952277,221.94161996241453
W0007,115.13919783262796,0.0
W0008,26.10349312150554,0.0
W0009,1098.0087089047615,396.26106140649733
W0010,219.8728149017173,0.0
W0011,41.30951341673771,0.0
W0012,467.8662772457741,179.99188075142624
W0013,72.67688956115163,0.0
W0014,20.14353849010947,0.0
W0015,911.9538515022413,328.5966196666824
W0016,123.4841305868318,0.0
W0017,29.63337472258482,0.0
W0018,532.3764302713084,195.74091186584104
W0019,75.9563305802355,0.0
W0020,22.649615486840588,0.0
W0021,1038.150355831169,375.4795970418262
W0022,157.90920954419028,0.0
W0023,35.77663376769058,0.0
W0024,557.820569684557,209.0412793794832
W0025,85.67310668994905,0.0
W0026,21.536867018255986,0.0
W0027,1058.9473329757375,394.83915758793677
W0028,169.19578100613526,0.0
W0029,36.114705115044615,0.0
W0030,516.4124200424089,186.91979512781083
W0031,76.74990865199274,0.0
W0032,21.797831553832516,0.0
W0033,965.2992456112378,359.5478588825849
W0034,149.39442893732974,0.0
W0035,31.902832287455187,0.0
W0036,516.9059433616608,187.36316479331643
W0037,84.50202675943397,0.0
W0038,21.797831553832516,0.0
W0039,955.3213556222503,351.63633061824015
W0040,157.0791781252727,0.0
W0041,33.91030421322527,0.0
W0042,513.206873971642,187.59411864628646
W0043,76.81728506839205,0.0
W0044,22.29551240594143,0.0
W0045,971.7747322477145,361.0654725855326
W0046,142.3330356323026,0.0
W0047,34.16290587410631,0.0
W0048,591.4652913309917,215.19128647532594
W0049,94.6482058416661,0.0
W0050,24.901017686542104,0.0
W0051,1079.6989464899684,398.9604846910233
W0052,187.18861104020175,0.0
W0053,38.824699908465696,0.0
W0054,517.3937592003406,185.10361633328048
W0055,79.370235475179,0.0
W0056,21.797831553832516,0.0
W0057,957.0268911722865,357.91947036419504
W0058,148.9847175585216,0.0
W0059,36.02162102213719,0.0
